编号,出发地,目的地,类型,车次,出发时间,到达时间,票价
1,1,3,1,MU5102,8:00,10:10,1360
2,1,3,1,MU5106,10:00,12:20,1440
3,1,3,1,MU271,13:00,15:20,1480
4,1,3,1,HU7609,15:40,18:00,1240
5,1,3,1,MU5218,21:00,23:10,1130
6,1,4,1,G56521,6:50,9:50,1170
7,1,4,1,CA1429,9:00,11:50,1780
8,1,4,1,CA4130 ,12:00,14:50,1530
9,1,4,1,CA1411,15:00,18:00,980
10,1,4,1,3U8830,19:50,22:50,980
11,1,5,1,CZ6657,7:10,9:10,500
12,1,5,1,CA1643,8:40,10:40,610
13,1,5,1,CA1623,12:50,14:50,1000
14,1,5,1,HU7149,13:50,15:50,850
15,1,5,1,CA1639,20:10,22:10,610
16,1,6,1,CZ6102,10:40,12:20,1120
17,1,6,1,CA1657,12:50,14:20,1120
18,1,6,1,CZ6108,15:50,17:40,1120
19,1,6,1,CZ6106,18:10,19:40,1120
20,1,6,1,CA1601,20:00,21:30,1060
21,1,8,1,HU7137,7:00,9:10,1105
22,1,8,1,CA1289,9:00,11:00,2010
23,1,8,1,HU7237,12:00,14:10,1105
24,1,8,1,CA1225,15:20,17:30,2010
25,1,8,1,CA1205,20:20,22:40,860
26,1,10,1,CZ3166,7:30,11:00,2220
27,1,10,1,CZ3000,9:30,12:40,2220
28,1,10,1,CA1339,12:00,15:10,2220
29,1,10,1,CA1301,15:00,18:10,2220
30,1,10,1,CZ3100,20:30,23:50,2220
31,1,11,1,CZ5122,6:40,9:30,950
32,1,11,1,CA1373,12:50,15:30,1480
33,1,11,1,CA1349,19:20,22:00,1480
34,1,14,1,KN5215,7:30,10:40,1438
35,1,14,1,CA1415,9:40,12:50,2030
36,1,14,1,CA4108,14:00,17:10,2030
37,1,14,1,CA4110,19:00,22:10,1760
38,1,15,1,KN5855,7:10,10:30,1658
39,1,15,1,CZ3156,9:00,12:20,2450
40,1,15,1,CZ3160,15:00,18:30,2450
41,1,15,1,ZH9108,19:20,22:40,2450
42,2,4,1,GS7869,11:50,16:20,780
43,2,4,1,3U8809,16:20,19:00,1525
44,2,4,1,MF8469,19:30,22:20,940
45,2,4,1,GS7957,20:20,23:00,770
46,2,5,1,MU5143,15:00,17:00,790
47,2,5,1,3U8568,17:20,19:10,600
48,2,5,1,CA1677,19:10,21:10,250
49,2,5,1,FU6556,21:40,23:40,372
50,2,8,1,CA1249,7:10,9:30,910
51,2,8,1,GS7901,14:10,16:00,1420
52,2,8,1,MF8239,16:10,18:20,980
53,2,8,1,GS7849,17:50,20:00,1290
54,2,14,1,CA1427,7:20,10:30,1310
55,2,14,1,3U8370,10:40,13:40,1310
56,2,14,1,EU2776,17:50,20:40,1369
57,2,14,1,GS7887,19:00,22:00,1180
58,2,15,1,MF8365,7:30,10:40,914
59,2,15,1,CA1319,14:30,17:50,2130
60,3,1,1,MU5137,7:00,9:20,2980
61,3,1,1,HU7606,10:50,13:10,760
62,3,1,1,MU5111,13:00,15:20,1480
63,3,1,1,MU5117,16:00,18:20,1480
64,3,1,1,CA1550,19:50,22:10,1480
65,3,2,1,9C8813,6:50,9:10,760
66,3,2,1,MU9115,10:00,12:20,3400
67,3,2,1,MU5439,14:30,16:50,1530
68,3,2,1,G54048,18:00,20:30,1480
69,3,2,1,KN2218,20:40,23:00,628
70,3,4,1,FM9421,7:50,10:50,1570
71,3,4,1,MU5423,9:30,12:30,1850
72,3,4,1,MU5425,11:00,14:10,1160
73,3,4,1,PN6438,13:20,16:30,760
74,3,4,1,CZ5232,17:20,20:30,1200
75,3,8,1,H01217,7:40,10:20,1020
76,3,8,1,G54010,8:20,11:10,1310
77,3,8,1,MU2154,12:30,15:10,1350
78,3,8,1,H01215,14:50,17:30,1020
79,3,8,1,MU2166,18:10,20:40,1190
80,3,9,1,MU5571,7:10,9:10,1230
81,3,9,1,SC1168,19:30,21:30,1185
82,3,15,1,9C8917,7:30,10:10,1290
83,3,15,1,MU5333,9:00,11:40,2030
84,3,15,1,MU9333,11:30,14:00,1670
85,3,15,1,MF8317,15:10,17:40,1490
86,3,15,1,MU5355,18:30,21:00,1670
87,4,1,1,SC1155,7:00,9:40,1040
88,4,1,1,CA4137,8:50,11:30,1350
89,4,1,1,CA4135,11:00,13:30,1380
90,4,1,1,CA4143,15:00,17:40,1880
91,4,1,1,HU7162,20:10,22:50,965
92,4,2,1,GS7906,7:30,10:00,1850
93,4,2,1,GS7898,8:30,11:00,1850
94,4,2,1,CA1680,11:50,14:40,3580
95,4,2,1,G52771,19:10,22:50,1390
96,4,3,1,G56618,7:20,9:40,1010
97,4,3,1,SC4949,10:00,12:30,984
98,4,3,1,CA157,13:20,16:00,1200
99,4,3,1,MU5432,17:10,19:30,1200
100,4,3,1,9C8996,20:00,22:20,970
101,4,5,1,CA4363,8:00,11:50,820
102,4,5,1,OQ2343,10:50,17:20,1002
103,4,6,1,G58330,8:00,13:10,848
104,4,6,1,G52759,13:00,17:30,780
105,5,1,1,CZ6219,8:30,10:30,2120
106,5,1,1,CA1644,11:50,14:00,3530
107,5,1,1,CZ6217,14:40,17:40,900
108,5,1,1,CA1624,16:00,18:10,1140
109,5,1,1,HU7150,19:50,22:00,850
110,5,2,1,BK2729,6:40,8:50,336
111,5,2,1,CA1678,8:20,10:30,440
112,5,2,1,FU6555,11:10,13:20,567
113,5,2,1,HU7726,18:20,20:20,595
114,5,3,1,CA6257,7:40,10:40,1270
115,5,3,1,MU5616,9:00,14:00,1100
116,5,3,1,H01180,12:20,15:30,1080
117,5,3,1,CZ6251,16:00,19:30,930
118,5,3,1,CZ6209,20:00,23:10,1070
119,5,4,1,LT4309,9:30,13:50,1356
120,5,4,1,CA4364,12:40,17:00,1750
121,5,4,1,G56501,15:50,22:10,961
122,5,8,1,CZ6269,8:00,11:30,1010
123,5,8,1,3U8690,12:40,18:10,839
124,5,8,1,MU2174,17:50,21:10,820
125,5,10,1,ZH9676,8:00,14:10,1380
126,5,10,1,ZH9676,8:00,14:10,1380
127,5,10,1,CZ6261,9:20,15:30,2240
128,5,10,1,CZ8739,9:20,15:30,1380
129,5,10,1,C3616,13:40,18:20,2580
130,5,11,1,MF8040,9:20,14:50,1220
131,5,11,1,HU7726,16:30,22:00,805
132,5,12,1,MF8098,13:50,16:40,940
133,5,12,1,3U8840,14:30,17:30,969
134,5,12,1,ZH9384,17:10,20:00,610
135,5,14,1,CZ6255,8:50,13:10,2130
136,5,14,1,CA4178,11:40,16:10,1330
137,5,15,1,CZ6273,8:10,13:00,1850
138,5,15,1,ZH9622,13:50,19:00,1440
139,6,1,1,CZ6106,8:00,9:40,1120
140,6,1,1,CA1602,9:30,11:20,1120
141,6,1,1,CZ6107,13:10,14:50,1120
142,6,1,1,CA1658,15:10,17:00,1120
143,6,1,1,CA1626,22:10,23:50,940
144,6,4,1,PN6248,12:30,18:10,1104
145,6,4,1,3U8850,19:10,23:50,750
146,6,8,1,9C8831,6:40,9:50,940
147,6,8,1,MU2164,10:40,14:10,1760
148,6,8,1,MU2264,16:30,19:40,1240
149,6,8,1,CZ6455,19:30,22:50,1170
150,6,8,1,HU7570,20:10,23:50,705
151,6,10,1,ZH9652,7:50,13:30,1370
152,6,10,1,ZH9656,14:00,19:40,1370
153,6,11,1,EU2706,9:00,12:00,1680
154,6,11,1,MF8026,14:10,20:00,1760
155,6,11,1,GX8986,16:50,21:50,2100
156,6,11,1,HU7330,19:00,23:50,1120
157,6,14,1,EU2210,7:50,13:40,1218
158,6,14,1,CA4186,12:30,17:00,1530
159,6,14,1,CZ6409,15:50,19:50,1720
160,6,14,1,MU2296,17:10,22:40,1580
161,6,15,1,CZ6311,8:00,12:20,1470
162,6,15,1,MF1357,12:00,16:10,1471
163,7,4,1,NS3221,8:00,10:20,900
164,7,4,1,NS3241,12:50,15:20,960
165,7,4,1,9C8993,18:50,21:20,690
166,7,5,1,8L9655,10:00,12:20,436
167,7,5,1,JD5531,14:50,17:20,300
168,7,5,1,9C8673,18:20,20:40,240
169,7,10,1,MF7001,8:10,11:00,714
170,7,10,1,9C8899,13:50,16:50,740
171,7,10,1,HU7536,18:40,21:50,630
172,7,10,1,CZ6539,19:20,22:30,710
173,8,1,1,MU2371,6:30,8:40,520
174,8,1,1,CA1206,9:00,10:50,650
175,8,1,1,CA1210,13:30,15:30,1040
176,8,1,1,MU2113,17:30,19:20,1500
177,8,1,1,CZ6947,20:50,23:00,610
178,8,2,1,GS7581,8:30,10:10,530
179,8,2,1,GS7583,13:20,15:10,530
180,8,2,1,GS7858,17:10,19:00,610
181,8,2,1,GS7850,21:20,23:10,480
182,8,3,1,HO1236,8:30,10:50,700
183,8,3,1,MU2155,11:00,15:40,850
184,8,3,1,MU291,13:30,15:40,770
185,8,3,1,MU2165,17:00,19:10,850
186,8,3,1,9C8846,21:30,23:50,480
187,8,5,1,G58707,7:10,11:50,897
188,8,5,1,MU2245,17:10,20:20,820
189,8,9,1,3U8689,7:00,8:40,400
190,8,9,1,MU2430,11:00,12:50,570
191,8,9,1,SC4964,16:20,18:10,500
192,8,9,1,MU9926,22:10,23:50,420
193,8,10,1,CZ3220,8:00,11:00,850
194,8,10,1,CZ3202,11:00,13:40,940
195,8,10,1,CZ3232,15:00,18:00,940
196,8,10,1,CZ3208,18:00,20:50,940
197,8,10,1,CZ3204,21:00,23:50,870
198,8,13,1,GS7661,8:50,10:30,370
199,8,13,1,G54442,10:10,11:40,660
200,8,13,1,CZ3890,17:50,19:30,580
201,8,13,1,CZ3170,20:20,22:10,690
202,8,15,1,ZH9218,8:30,11:30,990
203,8,15,1,DZ6232,12:40,17:20,650
204,8,15,1,HU7869,15:10,18:10,1180
205,8,15,1,ZH9214,18:20,21:10,1030
206,8,15,1,CZ6594,20:20,23:10,930
207,9,3,1,MU5572,10:00,11:30,1310
208,9,3,1,SC1167,16:50,18:30,1260
209,9,3,1,MU2442,20:10,21:50,1230
210,9,5,1,3U8689,9:30,11:40,460
211,9,5,1,GS8937,14:30,17:00,670
212,9,5,1,3U8208,17:40,20:10,380
213,9,5,1,Zh3809,18:10,20:30,1020
214,9,10,1,CA1169,8:00,10:50,1060
215,9,10,1,CZ3510,12:50,15:30,1210
216,9,10,1,CZ3712,15:40,18:40,1030
217,9,10,1,ZH9976,19:10,22:00,870
218,9,14,1,SC4901,7:30,10:10,680
219,9,14,1,8L9764,13:50,16:20,630
220,9,14,1,EU2436,15:40,18:20,940
221,9,14,1,8L9616,20:00,22:30,510
222,10,1,1,CZ3101,8:00,10:50,860
223,10,1,1,CZ3103,11:00,14:10,920
224,10,1,1,CZ3999,15:00,18:00,920
225,10,1,1,CZ3105,19:00,22:10,750
226,10,1,1,HU7802,20:30,23:30,680
227,10,3,1,CZ3523,8:00,10:00,1200
228,10,3,1,CZ3539,11:50,14:10,1600
229,10,3,1,CZ3571,15:00,17:20,1600
230,10,3,1,CZ3579,18:00,20:00,1600
231,10,3,1,MU9320,21:30,23:40,1200
232,10,4,1,CA4354,8:50,11:10,720
233,10,4,1,CZ3425,13:40,16:00,810
234,10,4,1,3U8746,16:40,18:40,770
235,10,4,1,CZ3439,19:30,22:00,810
236,10,4,1,HU7041,21:00,23:30,520
237,10,5,1,MF1624,8:10,12:20,1890
238,10,5,1,CZ8740,16:40,22:10,1380
239,10,6,1,CZ6384,8:00,11:40,1870
240,10,6,1,ZH9651,18:00,23:20,1370
241,10,9,1,ZH9971,8:20,11:00,860
242,10,9,1,SC1170,12:00,14:40,880
243,10,9,1,CZ3711,15:00,17:40,1040
244,10,9,1,MU5260,18:50,21:40,880
245,10,9,1,SC1172,19:40,22:30,880
246,10,12,1,ZH9861,8:40,10:50,890
247,10,12,1,CZ3821,12:40,15:00,770
248,10,12,1,CZ3697,18:10,20:30,700
249,10,12,1,CZ3871,21:20,23:30,560
250,11,1,1,CA1350,8:20,10:40,710
251,11,1,1,CZ3717,10:30,12:50,1240
252,11,1,1,CZ3141,14:30,16:50,1480
253,11,1,1,KN2970,17:20,21:20,1400
254,11,1,1,MF8191,21:00,23:20,800
255,11,5,1,HU7725,10:00,15:30,1875
256,11,5,1,MF8039,18:10,23:40,1440
257,11,8,1,HU7820,6:50,8:40,450
258,11,8,1,EU2297,8:10,10:00,530
259,11,8,1,BK2885,11:30,13:20,650
260,11,8,1,CZ6566,16:00,17:50,620
261,11,12,1,HU7407,7:50,9:30,520
262,11,12,1,MU2772,12:10,13:40,610
263,11,12,1,MF8073,14:00,15:30,880
264,11,12,1,HU7501,19:30,21:00,600
265,11,14,1,MF8601,7:40,9:50,570
266,11,14,1,CA4380,10:00,12:10,570
267,11,14,1,KY8267,18:30,20:30,560
268,11,14,1,EU1820,19:10,21:30,580
269,12,4,1,MU2925,8:20,10:40,1000
270,12,4,1,HO1643,13:00,15:30,820
271,12,4,1,MU2845,17:20,19:50,660
272,12,4,1,3U8840,19:50,22:10,560
273,12,10,1,MU2807,7:20,9:40,900
274,12,10,1,HU7227,10:20,12:40,1030
275,12,10,1,ZH9864,14:50,17:20,1210
276,12,10,1,ZH9868,20:30,23:00,700
277,12,11,1,MU2841,7:50,9:40,530
278,12,11,1,CZ3914,13:50,15:20,840
279,12,11,1,CZ6930,17:30,19:10,440
280,12,11,1,CZ5480,21:50,23:30,480
281,12,15,1,HO1725,8:30,11:40,1060
282,12,15,1,ZH9565,10:30,13:30,1370
283,12,15,1,CA4506,16:00,18:50,1290
284,12,15,1,3U8174,20:20,23:30,810
285,13,3,1,MU2519,7:20,8:50,510
286,13,3,1,HO1074,10:50,12:40,610
287,13,3,1,CZ3579,15:20,17:00,730
288,13,3,1,FM9364,21:40,23:10,1080
289,13,6,1,MU2545,7:20,11:30,1110
290,13,6,1,HU7789,12:00,14:50,1100
291,13,6,1,CA8247,14:50,17:40,1740
292,13,6,1,DR6574,21:20,23:00,720
293,13,8,1,CA8219,7:40,9:10,470
294,13,8,1,CZ3169,8:30,9:50,570
295,13,8,1,MU2126,9:40,11:10,560
296,13,8,1,CZ3889,15:20,16:50,750
297,13,15,1,CZ3357,7:40,9:30,980
298,13,15,1,MU2557,14:40,16:30,1160
299,13,15,1,CZ3355,16:00,18:10,800
300,13,15,1,CA8233,18:40,20:40,760
301,14,1,1,3U8547,6:00,8:50,1430
302,14,1,1,KN5216,12:00,14:30,1330
303,14,1,1,3U8895,16:20,18:50,1620
304,14,1,1,CZ3904,19:30,22:10,1430
305,14,1,1,CA1408,20:40,23:10,1620
306,14,2,1,EU2775,6:50,9:30,1190
307,14,2,1,BK2852,10:30,13:20,1820
308,14,2,1,G54035,11:40,14:20,1800
309,14,2,1,3U8861,18:40,21:30,1880
310,14,3,1,3U8961,7:40,10:30,1360
311,14,3,1,TV9881,10:50,13:30,1440
312,14,3,1,TV9865,13:10,15:40,1420
313,14,3,1,EU6667,16:40,19:30,1530
314,14,3,1,CA1950,21:00,23:50,1570
315,14,5,1,G56654,6:00,11:30,1060
316,14,5,1,ZH3811,6:10,10:00,1780
317,14,5,1,EU2281,12:10,18:00,1250
318,14,5,1,3U8843,14:50,20:20,1430
319,14,10,1,EU2235,7:10,9:30,930
320,14,10,1,CZ3404,10:50,13:20,1210
321,14,10,1,ZH9444,16:40,19:10,1050
322,14,10,1,CZ3483,21:30,23:55,1210
323,14,15,1,HU7734,9:00,11:40,692
324,14,15,1,ZH9402,12:20,14:50,760
325,14,15,1,CA4389,17:10,19:40,810
326,15,1,1,Zh9101,7:40,10:40,1920
327,15,1,1,HU7704,12:50,16:00,2090
328,15,1,1,KN5868,15:50,19:10,1550
329,15,1,1,MF8141,19:40,23:10,1800
330,15,2,1,Zh9121,7:20,10:40,2040
331,15,2,1,CA5270,13:20,16:20,1830
332,15,2,1,BK2860,17:00,20:30,1680
333,15,2,1,CA1320,19:00,22:10,2040
334,15,3,1,9C8956,7:20,9:40,870
335,15,3,1,ZH9505,10:20,13:10,950
336,15,3,1,9C8776,14:20,15:30,1080
337,15,3,1,ZH9519,18:00,22:10,1110
338,15,3,1,9C8950,20:40,23:00,1120
339,15,4,1,HU7257,7:30,9:50,540
340,15,4,1,CZ3455,11:40,14:00,660
341,15,4,1,HU7357,16:40,19:00,540
342,15,4,1,CZ8136,20:20,22:30,660
343,15,5,1,ZH9621,8:40,13:00,2860
344,15,5,1,ZH9623,12:10,16:30,1650
345,15,6,1,CA3623,8:30,12:20,1470
346,15,6,1,ZH9605,14:00,17:50,1950
347,15,8,1,9C8753,6:40,9:20,700
348,15,8,1,HU7874,10:50,13:50,820
349,15,8,1,HU7872,13:10,15:50,890
350,15,8,1,BK2786,16:20,19:20,800
351,15,8,1,ZH9217,20:20,23:10,1020
352,15,14,1,CA4330,8:10,10:30,910
353,15,14,1,3U8702,10:20,12:40,1040
354,15,14,1,HU7731,15:20,17:50,902
355,1,2,2,G5,7:00,7:30,54
356,1,2,2,G117,9:20,10:00,54
357,1,2,2,G2115,12:10,12:50,54
358,1,2,2,G193,14:40,15:20,54
359,1,2,2,T109,20:00,21:30,23
360,1,3,2,G5,7:00,11:40,558
361,1,3,2,G1,9:00,13:30,553
362,1,3,2,G9,12:00,16:40,553
363,1,3,2,G3,14:00,18:30,553
364,1,3,2,G17,19:00,23:20,553
365,1,4,2,G309,8:30,20:30,792
366,1,4,2,G571,9:20,20:50,924
367,1,5,2,D29,6:30,15:00,313
368,1,5,2,G381,7:50,14:50,541
369,1,5,2,D25,10:30,18:50,306
370,1,5,2,G393,10:50,18:30,541
371,1,6,2,D21,6:40,12:00,206
372,1,6,2,G219,8:00,12:00,295
373,1,6,2,T297,12:00,20:40,98
374,1,6,2,D11,12:40,17:40,206
375,1,6,2,D27,15:10,20:30,206
376,1,7,2,G427,6:20,7:30,128
377,1,7,2,K817,8:00,11:00,43
378,1,7,2,K279,9:50,13:10,43
379,1,7,2,T145,12:40,15:30,43
380,1,7,2,Z77,16:10,18:40,43
381,1,8,2,G651,7:00,12:50,515
382,1,8,2,G571,9:20,15:00,515
383,1,8,2,G659,11:50,17:30,515
384,1,8,2,G349,15:10,19:40,515
385,1,9,2,G469,8:20,10:50,180
386,1,9,2,G31,11:00,12:20,184
387,1,9,2,G189,13:20,15:40,194
388,1,9,2,G29,16:00,17:20,184
389,1,9,2,G21,19:10,20:30,184
390,1,10,2,G71,7:30,17:10,862
391,1,10,2,G79,10:00,18:00,862
392,1,10,2,G67,12:10,22:20,862
393,1,11,2,G485,7:00,14:00,649
394,1,11,2,G403,8:00,13:40,649
395,1,11,2,Z149,8:40,23:20,189
396,1,12,2,G5,7:00,10:30,443
397,1,12,2,G55,8:10,12:40,443
398,1,12,2,G121,10:20,15:00,443
399,1,12,2,G145,14:30,19:00,443
400,1,13,2,G507,6:40,12:20,522
401,1,13,2,Z149,8:40,20:00,152
402,1,13,2,G421,9:00,14:40,520
403,1,13,2,Z49,11:30,22:00,152
404,1,14,2,G571,9:20,19:10,778
405,1,14,2,G349,15:10,23:00,778
406,1,15,2,G71,7:30,18:00,944
407,1,15,2,G79,10:00,18:30,936
408,2,1,2,C2206,7:20,8:00,54
409,2,1,2,G336,9:00,9:30,54
410,2,1,2,C2632,11:30,12:10,54
411,2,1,2,G380,14:20,15:00,54
412,2,1,2,C2068,16:20,16:50,54
413,2,1,2,G478,18:50,19:20,54
414,2,3,2,G5,7:30,11:40,513
415,2,3,2,G115,10:00,15:00,508
416,2,3,2,G125,11:50,17:00,508
417,2,3,2,G1254,13:20,20:00,530
418,2,4,2,G1709,8:00,19:40,929
419,2,5,2,Z173,7:20,18:40,152
420,2,5,2,G381,8:40,14:50,486
421,2,5,2,G1237,10:50,17:30,488
422,2,5,2,G1275,14:10,20:30,488
423,2,6,2,Z173,7:20,14:00,93
424,2,6,2,G219,8:40,12:00,240
425,2,6,2,G1237,10:50,15:10,242
426,2,6,2,G1221,14:20,18:20,242
427,2,6,2,G399,16:00,20:20,242
428,2,7,2,Z238,8:00,11:40,46
429,2,7,2,G6291,9:30,11:20,122
430,2,7,2,K7765,12:30,18:30,64
431,2,7,2,G1262,17:40,20:00,142
432,2,8,2,G1709,8:00,14:10,520
433,2,8,2,G1704,9:00,15:20,529
434,2,8,2,G1281,11:20,17:30,520
435,2,8,2,G1711,16:00,22:20,520
436,2,9,2,G51,7:00,8:20,139
437,2,9,2,G117,10:10,11:30,129
438,2,9,2,K47,12:20,16:50,51
439,2,9,2,G1213,14:40,16:00,139
440,2,9,2,G267,18:10,19:20,129
441,2,10,2,G295,12:40,23:20,877
442,2,11,2,G295,12:40,20:30,657
443,2,11,2,G1292,14:10,22:10,677
444,2,12,2,G57,7:50,11:50,393
445,2,12,2,G115,10:00,13:40,393
446,2,12,2,G9,12:30,15:30,393
447,2,12,2,G1213,14:40,18:40,403
448,2,12,2,G1257,17:30,21:30,403
449,2,13,2,Z238,8:00,20:50,156
450,2,13,2,G1273,12:00,19:20,658
451,2,13,2,G4365,13:50,20:20,524
452,2,13,2,G1276,15:10,21:50,544
453,2,14,2,G1709,8:00,18:00,783
454,2,14,2,G1704,9:00,19:10,792
455,2,14,2,G1281,11:20,21:50,783
456,3,1,2,G6,7:00,11:40,558
457,3,1,2,G2,9:00,13:30,553
458,3,1,2,G130,11:10,17:30,558
459,3,1,2,G170,15:50,21:20,553
460,3,1,2,G22,19:00,23:20,553
461,3,2,2,G1232,7:30,13:40,513
462,3,2,2,G1204,9:40,15:20,513
463,3,2,2,G1252,11:10,17:00,513
464,3,2,2,G146,14:50,20:10,508
465,3,2,2,G152,16:20,21:30,508
466,3,4,2,D2206,7:00,19:20,585
467,3,4,2,D952,8:30,18:50,509
468,3,4,2,D956,9:30,20:00,509
469,3,4,2,G1333,11:40,23:30,859
470,3,5,2,G1204,9:40,21:50,977
471,3,6,2,G1232,7:30,17:50,732
472,3,6,2,G1204,9:40,19:30,732
473,3,6,2,G1236,10:40,20:50,732
474,3,6,2,G1228,11:20,22:00,792
475,3,7,2,G1952,8:10,15:30,623
476,3,7,2,G54,9:20,15:20,510
477,3,7,2,G1956,12:00,19:30,623
478,3,7,2,G2812,16:30,23:30,623
479,3,8,2,G1974,7:20,14:30,669
480,3,8,2,G1920,9:20,16:20,669
481,3,8,2,G1924,11:40,19:10,669
482,3,8,2,G1936,16:10,22:50,669
483,3,9,2,G6,7:00,10:10,404
484,3,9,2,G212,8:40,13:10,398
485,3,9,2,G126,11:00,15:10,398
486,3,9,2,G146,14:50,19:00,398
487,3,9,2,G298,18:10,22:50,398
488,3,10,2,G85,8:00,14:50,793
489,3,10,2,G1301,10:20,19:00,793
490,3,10,2,G99,14:10,21:30,793
491,3,10,2,G1305,15:20,23:40,793
492,3,11,2,G2365,7:10,13:10,478
493,3,11,2,G1377,9:30,14:50,478
494,3,11,2,G1353,13:20,19:00,478
495,3,11,2,G1776,15:10,21:20,502
496,3,11,2,G1365,17:40,23:00,478
497,3,12,2,D952,8:30,10:10,95
498,3,12,2,K360,9:20,13:10,46
499,3,12,2,G7046,12:20,14:10,139
500,3,12,2,G7018,15:00,16:40,139
501,3,12,2,G22,19:00,20:00,134
502,3,13,2,D3072,7:00,12:10,286
503,3,13,2,D3022,9:10,14:40,315
504,3,13,2,G1720,13:50,17:50,336
505,3,13,2,G1768,16:00,20:20,335
506,3,14,2,D636,6:30,20:50,681
507,3,14,2,G1974,7:20,18:30,932
508,3,14,2,D952,8:30,21:10,606
509,3,15,2,D2287,7:50,19:10,568
510,3,15,2,D3125,8:50,20:30,568
511,3,15,2,D3107,9:40,21:30,568
512,3,15,2,D2283,11:20,22:40,568
513,4,1,2,G574,8:10,19:50,924
514,4,1,2,G310,9:30,21:40,792
515,4,2,2,G1710,10:50,22:40,929
516,4,3,2,D2214,7:10,19:20,585
517,4,3,2,G1335,8:50,21:00,859
518,4,3,2,D638,9:40,22:10,556
519,4,3,2,G1339,11:40,23:00,859
520,4,7,2,G574,8:10,18:20,818
521,4,7,2,G310,9:30,20:10,685
522,4,7,2,G1710,10:50,21:10,818
523,4,8,2,G574,8:10,13:50,409
524,4,8,2,K692,10:00,19:20,98
525,4,8,2,D1977,14:20,19:30,279
526,4,8,2,G2851,16:40,22:00,281
527,4,8,2,D1989,18:30,23:20,279
528,4,9,2,G316,6:50,18:30,791
529,4,9,2,G1836,8:00,20:00,929
530,4,9,2,G1832,10:10,23:10,928
531,4,10,2,G1314,7:50,19:40,744
532,4,10,2,D1855,9:50,17:30,453
533,4,10,2,D1817,12:20,19:40,445
534,4,10,2,D1875,14:50,22:10,445
535,4,11,2,G1314,7:50,16:50,449
536,4,11,2,G1755,9:10,14:50,438
537,4,11,2,G1761,15:10,20:40,438
538,4,11,2,D1875,17:30,23:20,438
539,4,12,2,D2214,7:10,17:00,470
540,4,12,2,D638,9:40,20:00,470
541,4,12,2,D2208,10:40,20:10,470
542,4,12,2,D2374,12:00,21:50,460
543,4,13,2,D2234,7:40,15:10,283
544,4,13,2,G310,9:30,16:00,270
545,4,13,2,D2374,12:00,18:20,270
546,4,13,2,D2252,15:20,21:50,270
547,4,14,2,D5103,7:40,10:10,96
548,4,14,2,G8692,9:30,10:50,146
549,4,14,2,G2892,12:00,13:40,146
550,4,14,2,D367,15:00,17:10,96
551,4,14,2,D1810,17:30,19:30,121
552,4,14,2,D2243,20:00,22:10,96
553,4,15,2,G1314,7:50,20:20,819
554,5,1,2,D28,7:00,14:50,307
555,5,1,2,D26,9:40,17:30,307
556,5,1,2,Z158,10:50,21:10,153
557,5,1,2,D30,14:30,22:20,314
558,5,1,2,G382,16:20,23:40,542
559,5,2,2,T184,7:30,21:30,157
560,5,2,2,G1276,9:00,15:10,469
561,5,2,2,G1262,11:00,17:30,471
562,5,2,2,G382,16:20,22:50,488
563,5,3,2,G1202,8:20,21:00,978
564,5,6,2,D28,7:00,9:50,166
565,5,6,2,G766,9:00,11:50,250
566,5,6,2,G1262,11:00,13:40,248
567,5,6,2,G720,14:30,16:50,245
568,5,6,2,G772,16:50,19:20,247
569,5,7,2,G1276,9:00,17:30,611
570,5,7,2,G1262,11:00,20:00,613
571,5,7,2,G1238,12:00,21:00,611
572,5,9,2,G1206,8:10,16:40,631
573,5,9,2,G1202,8:20,16:30,623
574,5,9,2,G1264,11:30,20:00,631
575,5,12,2,G1202,8:20,19:20,869
576,5,13,2,G1276,9:00,21:50,1013
577,6,1,2,K266,3:40,12:50,98
578,6,1,2,G398,8:30,13:10,296
579,6,1,2,D6,12:30,17:20,206
580,6,1,2,G394,15:00,20:30,296
581,6,1,2,G382,18:40,23:30,296
582,6,2,2,K548,3:30,11:30,93
583,6,2,2,G398,8:30,12:10,223
584,6,2,2,D6,12:10,16:30,182
585,6,2,2,G394,15:00,19:10,223
586,6,2,2,G374,19:30,23:20,242
587,6,3,2,G1226,8:10,18:40,792
588,6,3,2,G1202,10:50,21:00,732
589,6,3,2,G1256,13:10,22:50,732
590,6,5,2,Z237,2:30,6:50,75
591,6,5,2,k727,8:00,14:40,75
592,6,5,2,G711,11:30,14:10,250
593,6,5,2,G753,15:40,18:10,248
594,6,5,2,G731,20:50,23:30,247
595,6,7,2,Z238,2:00,11:40,128
596,6,7,2,G1284,7:00,13:10,365
597,6,7,2,G1276,11:20,17:30,365
598,6,7,2,G2604,15:30,21:20,365
599,6,8,2,G1284,7:00,17:30,762
600,6,9,2,K296,3:50,18:00,135
601,6,9,2,G1226,8:10,14:10,437
602,6,9,2,G1246,13:50,19:50,385
603,6,9,2,G1242,17:00,22:30,377
604,6,11,2,G1292,10:10,22:00,900
605,6,12,2,Z178,4:50,23:50,198
606,6,12,2,G1226,8:10,16:50,683
607,6,12,2,G1256,13:10,21:20,623
608,6,13,2,Z238,2:00,20:40,217
609,6,13,2,G1272,7:30,19:20,888
610,6,13,2,G1276,11:30,21:40,767
611,6,14,2,G1284,7:00,21:40,1025
612,7,1,2,Z6,7:10,9:40,89
613,7,1,2,G684,10:00,11:40,128
614,7,1,2,G6742,14:30,16:10,128
615,7,1,2,G622,18:20,19:40,128
616,7,1,2,G588,22:20,23:30,128
617,7,2,2,Y532,6:10,12:40,62
618,7,2,2,G1240,8:50,10:20,122
619,7,2,2,Z14,12:40,15:50,46
620,7,2,2,G1282,17:10,19:00,122
621,7,2,2,G6758,21:50,23:20,122
622,7,3,2,G2811,8:30,15:50,623
623,7,3,2,G1955,10:40,17:40,623
624,7,3,2,G53,15:40,22:00,510
625,7,4,2,G309,9:50,20:20,685
626,7,4,2,G571,10:40,20:40,818
627,7,5,2,G1240,8:50,17:30,610
628,7,5,2,G1264,10:20,19:20,610
629,7,5,2,G1278,12:10,20:30,610
630,7,6,2,G1298,7:10,13:00,365
631,7,6,2,G2602,9:00,15:10,365
632,7,6,2,G1290,13:10,19:30,365
633,7,6,2,G1282,17:10,23:10,365
634,7,8,2,K1363,1:10,13:00,124
635,7,8,2,G89,8:00,11:20,408
636,7,8,2,G429,12:10,16:20,408
637,7,8,2,G349,16:20,19:40,408
638,7,8,2,G25,20:00,23:20,408
639,7,9,2,K1288,6:20,11:20,46
640,7,9,2,D1601,8:50,11:20,110
641,7,9,2,G2053,13:00,14:50,114
642,7,9,2,G1625,16:30,19:10,119
643,7,9,2,D1643,20:40,22:30,110
644,7,11,2,G485,8:30,14:00,550
645,7,11,2,G401,13:00,18:40,550
646,7,11,2,G505,17:00,22:30,550
647,7,12,2,K1808,6:40,22:00,124
648,7,12,2,G1955,10:40,16:10,494
649,7,12,2,G53,15:40,21:30,388
650,7,13,2,G529,8:40,12:40,414
651,7,13,2,T123,12:30,22:50,124
652,7,13,2,G1289,16:30,20:20,414
653,7,13,2,G509,20:00,23:20,415
654,7,14,2,G89,8:00,14:30,672
655,7,14,2,G1701,11:00,19:10,672
656,7,14,2,G349,16:20,22:50,672
657,7,15,2,G71,8:50,18:00,867
658,7,15,2,G79,11:00,18:30,860
659,8,1,2,G652,7:50,13:20,515
660,8,1,2,G656,10:00,15:30,515
661,8,1,2,G574,14:00,19:50,515
662,8,1,2,G90,18:20,22:50,515
663,8,2,2,G1712,8:10,14:30,520
664,8,2,2,H1294,11:10,17:20,520
665,8,2,2,G1710,16:30,22:40,520
666,8,3,2,G362,8:40,14:40,669
667,8,3,2,G1922,10:20,17:30,669
668,8,3,2,G1942,15:50,23:20,669
669,8,4,2,G2855,8:00,13:33,409
670,8,4,2,D1979,12:00,17:00,279
671,8,4,2,D1991,17:40,22:50,281
672,8,6,2,G1282,13:00,23:10,762
673,8,7,2,G652,7:50,11:50,408
674,8,7,2,G660,11:10,15:30,408
675,8,7,2,G1702,14:30,18:50,408
676,8,7,2,G90,18:20,21:30,408
677,8,9,2,G2052,8:30,14:50,523
678,8,9,2,G1840,12:00,19:20,528
679,8,9,2,G1832,16:50,23:00,519
680,8,10,2,G820,9:30,18:30,813
681,8,10,2,G838,12:30,21:10,813
682,8,11,2,G820,9:30,15:50,587
683,8,11,2,G846,13:50,20:10,587
684,8,12,2,G1900,7:30,13:10,540
685,8,12,2,G1922,10:20,16:00,540
686,8,12,2,G1888,16:10,22:00,540
687,8,13,2,G2390,7:10,12:30,454
688,8,13,2,G866,10:30,15:30,454
689,8,13,2,G858,15:10,19:40,454
690,8,14,2,T7,6:40,20:30,112
691,8,14,2,G1925,10:30,14:40,263
692,8,14,2,G571,15:00,19:00,263
693,8,14,2,G349,19:50,22:50,263
694,8,15,2,G820,9:30,19:10,888
695,8,15,2,G842,13:20,22:40,888
696,9,1,2,G338,8:20,10:10,184
697,9,1,2,G2,12:00,13:20,184
698,9,1,2,G132,16:30,18:30,184
699,9,1,2,G150,20:20,22:00,184
700,9,2,2,K48,8:00,12:50,51
701,9,2,2,G390,8:20,9:30,139
702,9,2,2,G2632,12:40,14:40,146
703,9,2,2,G132,16:30,17:40,129
704,9,2,2,G146,19:10,20:00,129
705,9,3,2,G5,8:30,11:40,404
706,9,3,2,G123,12:50,16:50,398
707,9,3,2,G225,16:30,21:00,398
708,9,3,2,G21,20:30,23:30,404
709,9,4,2,G1831,7:00,19:10,928
710,9,4,2,G315,11:00,22:20,791
711,9,5,2,G1208,8:40,16:50,631
712,9,5,2,G1204,14:00,21:50,623
713,9,6,2,G1244,7:40,13:30,385
714,9,6,2,G1248,10:40,16:30,385
715,9,6,2,G1128,15:50,22:00,437
716,9,7,2,K1332,8:40,13:00,46
717,9,7,2,G2094,12:20,15:00,128
718,9,7,2,D1612,16:40,19:10,119
719,9,7,2,G2060,20:00,22:00,114
720,9,8,2,G1842,8:50,15:40,528
721,9,8,2,G1843,14:30,20:50,520
722,9,8,2,G1855,16:50,23:00,520
723,9,10,2,G279,7:00,18:20,901
724,9,10,2,G2058,10:10,20:40,895
725,9,11,2,G285,8:00,16:10,662
726,9,11,2,G1847,13:50,21:50,663
727,9,12,2,G5,8:30,10:30,279
728,9,12,2,G163,12:40,15:40,279
729,9,12,2,G35,16:50,19:30,279
730,9,13,2,G433,8:10,14:40,524
731,9,13,2,G2084,14:20,21:40,554
732,9,13,2,G260,17:20,23:20,540
733,9,14,2,G1831,7:00,17:30,782
734,9,14,2,G2090,11:10,21:50,786
735,9,15,2,G279,7:30,19:00,975
736,10,1,2,G72,7:40,18:22,862
737,10,1,2,G70,12:50,22:20,862
738,10,2,2,G296,6:20,17:30,877
739,10,3,2,G86,8:00,14:50,793
740,10,3,2,G100,12:00,19:20,793
741,10,3,2,G1306,15:30,23:10,793
742,10,4,2,D1862,7:00,14:20,445
743,10,4,2,G1312,8:10,19:33,744
744,10,4,2,D1868,11:50,19:00,445
745,10,4,2,D1874,15:10,23:00,445
746,10,7,2,G296,6:30,15:40,785
747,10,7,2,G80,9:00,15:50,785
748,10,7,2,G70,12:50,20:50,785
749,10,8,2,G832,7:00,16:00,813
750,10,8,2,G822,10:40,19:30,813
751,10,8,2,G826,13:30,22:50,813
752,10,9,2,G276,6:40,16:40,902
753,10,9,2,G280,8:10,18:10,901
754,10,11,2,G1408,6:30,9:00,314
755,10,11,2,K1348,10:00,18:10,98
756,10,11,2,G9698,16:10,19:10,314
757,10,11,2,Z36,16:20,23:40,98
758,10,12,2,G1744,6:50,14:50,660
759,10,12,2,G1128,15:10,22:30,660
760,10,13,2,G296,6:30,10:50,463
761,10,13,2,G80,9:00,12:40,463
762,10,13,2,G1022,17:50,22:10,436
763,10,13,2,G1140,18:40,23:00,436
764,10,14,2,D1849,7:30,17:20,574
765,10,14,2,D1826,12:20,21:40,566
766,10,14,2,D1834,13:20,23:30,451
767,10,15,2,K9093,4:10,6:30,65
768,10,15,2,K835,5:20,8:00,24
769,10,15,2,C7189,8:00,9:20,79
770,10,15,2,C7047,13:40,15:00,79
771,10,15,2,C1019,20:00,20:40,74
772,10,15,2,C7091,21:50,23:00,79
773,11,1,2,Z98,1:30,15:30,189
774,11,1,2,Z150,6:40,21:30,189
775,11,1,2,G534,7:10,14:20,649
776,11,1,2,G72,10:30,18:20,649
777,11,1,2,G66,12:20,18:00,649
778,11,1,2,G422,14:20,20:50,649
779,11,1,2,G530,15:40,22:50,649
780,11,2,2,Z14,0:40,15:50,192
781,11,2,2,Z236,3:50,20:21,192
782,11,2,2,G1290,7:20,15:20,657
783,11,2,2,G296,9:10,17:40,657
784,11,3,2,K1375,0:00,15:10,148
785,11,3,2,G1342,7:00,12:10,478
786,11,3,2,G86,10:20,14:50,478
787,11,3,2,G1354,11:40,17:00,478
788,11,3,2,G1774,13:30,19:30,502
789,11,3,2,G1374,16:10,22:10,478
790,11,4,2,G2161,7:50,13:40,438
791,11,4,2,G2151,10:50,16:50,438
792,11,4,2,G2369,13:20,18:50,438
793,11,4,2,G1981,14:50,20:30,438
794,11,4,2,G1333,17:20,23:20,438
795,11,6,2,Z14,0:40,22:30,251
796,11,6,2,G1290,7:20,19:30,900
797,11,7,2,Z14,0:40,12:30,163
798,11,7,2,T290,1:50,15:10,163
799,11,7,2,G294,8:40,14:50,550
800,11,7,2,G2056,10:40,16:20,550
801,11,7,2,G404,13:00,17:30,550
802,11,7,2,G406,17:00,22:00,550
803,11,8,2,K82,1:10,21:10,168
804,11,8,2,K1296,2:30,20:40,156
805,11,8,2,G832,9:50,16:00,587
806,11,8,2,G822,13:20,19:30,587
807,11,8,2,G840,16:30,22:30,587
808,11,9,2,T180,4:00,18:40,156
809,11,9,2,G288,8:00,15:30,663
810,11,9,2,G2056,10:40,18:30,660
811,11,9,2,G434,13:10,20:40,662
812,11,9,2,G286,13:30,21:40,662
813,11,10,2,K1007,0:10,9:30,98
814,11,10,2,K1171,5:00,13:50,98
815,11,10,2,G6105,7:40,10:30,314
816,11,10,2,G1401,9:10,11:40,294
817,11,10,2,G6159,12:10,15:00,314
818,11,10,2,G59,15:10,17:30,314
819,11,10,2,G821,17:10,19:50,314
820,11,10,2,G1747,20:50,23:40,314
821,11,12,2,G1778,7:10,12:20,367
822,11,12,2,G1744,9:40,14:40,367
823,11,12,2,G1484,11:20,18:00,502
824,11,12,2,G2336,14:20,20:50,502
825,11,12,2,G1504,16:00,22:10,502
826,11,12,2,G1128,18:10,22:30,367
827,11,13,2,Z14,0:40,4:10,53
828,11,13,2,K1080,5:20,10:20,53
829,11,13,2,G94,10:20,11:50,164
830,11,13,2,G1010,14:50,16:20,164
831,11,13,2,G1014,18:50,20:20,164
832,11,13,2,G1140,21:20,23:00,164
833,11,14,2,Z122,5:30,23:10,215
834,11,14,2,G2161,7:50,15:30,584
835,11,14,2,G2369,13:20,20:30,584
836,11,14,2,G1981,14:50,22:00,584
837,11,15,2,G6011,7:00,10:30,388
838,11,15,2,G1007,11:00,14:40,388
839,11,15,2,G1031,13:10,16:40,388
840,11,15,2,G817,16:00,19:10,388
841,11,15,2,G825,19:00,22:30,388
842,12,1,2,D712,0:10,9:30,197
843,12,1,2,G2,10:00,13:20,443
844,12,1,2,G124,12:10,16:10,443
845,12,1,2,G142,15:20,20:10,443
846,12,1,2,G40,20:00,23:20,443
847,12,2,2,K102,1:30,14:40,135
848,12,2,2,K348,7:20,21:50,135
849,12,2,2,G1204,11:20,15:10,403
850,12,2,2,G38,13:00,17:20,393
851,12,2,2,G152,17:30,21:30,393
852,12,3,2,K1511,0:40,4:20,46
853,12,3,2,D305,3:30,6:20,88
854,12,3,2,G7349,7:30,9:00,134
855,12,3,2,G7005,9:00,10:30,139
856,12,3,2,G1,12:20,13:20,134
857,12,3,2,D3045,15:20,17:20,115
858,12,3,2,G225,19:10,21:00,134
859,12,3,2,G17,22:10,23:10,134
860,12,4,2,G1974,8:50,20:16,949
861,12,4,2,D2247,11:40,21:40,470
862,12,5,2,G1204,11:20,21:50,869
863,12,6,2,G1232,9:30,17:50,623
864,12,6,2,G1228,12:50,22:00,683
865,12,7,2,G1862,8:40,13:50,388
866,12,7,2,G1956,13:40,19:30,494
867,12,7,2,G2812,18:10,23:30,494
868,12,8,2,D306,1:00,10:00,370
869,12,8,2,G1970,7:40,13:20,540
870,12,8,2,G1924,13:10,19:00,540
871,12,8,2,G1940,18:20,23:30,540
872,12,9,2,K102,1:10,9:10,91
873,12,9,2,G204,7:10,10:20,279
874,12,9,2,G42,11:50,14:20,279
875,12,9,2,G164,15:10,17:50,279
876,12,9,2,G152,17:40,20:10,279
877,12,9,2,G1732,20:30,23:10,279
878,12,10,2,G1113,7:30,14:30,660
879,12,10,2,G1743,15:40,23:10,660
880,12,11,2,G1505,7:20,14:00,502
881,12,11,2,G2335,12:00,18:00,502
882,12,11,2,G1777,16:40,21:20,367
883,12,13,2,G1113,7:30,10:20,200
884,12,13,2,D3077,7:50,10:50,150
885,12,13,2,D957,11:10,14:00,166
886,12,13,2,D3007,16:00,19:20,200
887,12,13,2,D3043,19:10,22:20,150
888,12,14,2,D2373,7:20,19:10,566
889,12,14,2,D2263,10:50,23:20,566
890,12,15,2,D3125,6:30,20:30,640
891,12,15,2,D2281,7:40,21:50,679
892,13,1,2,Z78,1:20,12:10,152
893,13,1,2,G502,9:10,14:20,520
894,13,1,2,G524,15:20,20:40,522
895,13,1,2,G492,17:20,22:40,520
896,13,1,2,G406,18:36,23:10,520
897,13,2,2,T370,1:30,16:30,156
898,13,2,2,G1214,7:20,15:10,658
899,13,2,2,G296,11:00,17:40,524
900,13,2,2,G366,14:30,20:30,524
901,13,3,2,D3028,7:30,13:00,315
902,13,3,2,D3048,11:20,17:20,322
903,13,3,2,G678,13:30,18:00,336
904,13,3,2,D2208,17:20,22:20,286
905,13,4,2,Z3,4:30,11:50,112
906,13,4,2,D2372,10:20,16:40,270
907,13,4,2,D953,13:00,18:50,247
908,13,4,2,G315,16:10,22:20,265
909,13,5,2,G1278,7:50,20:30,1012
910,13,6,2,Z14,4:20,22:40,217
911,13,6,2,G1216,9:00,21:10,827
912,13,7,2,K968,0:10,13:30,124
913,13,7,2,Z14,4:20,12:30,124
914,13,7,2,G696,11:20,16:00,414
915,13,7,2,G422,16:10,19:30,414
916,13,7,2,G406,18:30,22:00,414
917,13,8,2,K82,6:10,21:10,135
918,13,8,2,G640,10:20,14:40,454
919,13,8,2,G96,12:30,16:30,454
920,13,8,2,G840,16:00,22:30,454
921,13,8,2,G844,16:50,21:00,454
922,13,9,2,G258,7:10,12:10,524
923,13,9,2,G276,11:10,16:50,525
924,13,9,2,G286,15:20,21:40,524
925,13,10,2,K755,1:10,14:10,138
926,13,10,2,Z229,6:20,17:40,138
927,13,10,2,G1035,10:20,15:10,463
928,13,10,2,G1015,13:45,18:10,463
929,13,10,2,G69,18:20,22:30,463
930,13,11,2,K1627,0:40,4:30,53
931,13,11,2,Z207,8:10,11:40,152
932,13,11,2,G1035,10:20,12:00,164
933,13,11,2,G79,14:20,15:40,164
934,13,11,2,G67,18:00,19:30,164
935,13,12,2,D2198,6:40,9:50,200
936,13,12,2,D3034,9:00,12:00,200
937,13,12,2,G592,12:10,15:20,200
938,13,12,2,D3062,16:20,19:30,150
939,13,12,2,G1128,19:50,22:30,200
940,13,14,2,T128,1:30,17:50,183
941,13,14,2,Z123,9:50,23:10,176
942,13,14,2,D2263,14:00,23:20,366
943,13,15,2,K1091,5:20,21:30,156
944,13,15,2,G77,9:00,13:10,538
945,13,15,2,G71,13:00,18:00,543
946,13,15,2,G1021,16:50,22:00,538
947,14,1,2,G350,7:00,14:50,778
948,14,1,2,G90,15:00,22:50,778
949,14,2,2,G1282,9:00,19:00,783
950,14,2,2,G1710,12:30,22:40,783
951,14,3,2,D638,7:10,22:10,625
952,14,3,2,G1976,10:50,22:20,932
953,14,4,2,D2244,6:40,9:00,96
954,14,4,2,G2371,7:00,8:30,146
955,14,4,2,D1820,10:10,12:20,96
956,14,4,2,K874,14:20,17:40,46
957,14,4,2,G8599,22:10,23:30,146
958,14,6,2,G1282,9:00,23:10,1025
959,14,7,2,G350,7:00,13:30,672
960,14,7,2,G308,10:40,19:00,672
961,14,7,2,G90,15:00,21:40,672
962,14,8,2,G350,7:00,10:10,263
963,14,8,2,K546,7:40,23:40,112
964,14,8,2,D1924,11:40,15:40,263
965,14,8,2,G90,15:00,18:10,263
966,14,8,2,D1942,16:40,20:40,263
967,14,8,2,D1952,18:50,23:00,263
968,14,9,2,G1836,9:40,20:00,783
969,14,9,2,G1832,11:50,23:00,782
970,14,10,2,D1841,6:40,15:50,566
971,14,10,2,D1858,9:10,19:10,549
972,14,10,2,D1851,13:20,23:00,574
973,14,11,2,G2371,7:00,14:00,584
974,14,11,2,G2163,16:00,23:20,584
975,14,12,2,D638,7:10,10:00,566
976,14,12,2,G1976,10:50,20:50,803
977,14,12,2,G1888,11:30,22:00,803
978,14,13,2,D2244,6:40,16:40,379
979,14,13,2,D2238,9:10,18:30,379
980,14,13,2,D634,13:30,23:00,362
981,15,1,2,G72,7:00,18:20,945
982,15,1,2,G80,8:30,17:00,937
983,15,3,2,D3126,7:10,18:40,568
984,15,3,2,D2284,8:50,20:40,568
985,15,3,2,D2288,10:40,22:30,568
986,15,3,2,G100,11:30,19:30,868
987,15,4,2,G1312,7:40,19:30,819
988,15,7,2,G72,7:00,17:00,867
989,15,7,2,G80,8:30,15:50,860
990,15,7,2,G532,9:40,18:40,860
991,15,8,2,G818,9:30,19:10,888
992,15,8,2,G840,13:00,22:30,888
993,15,9,2,G280,7:40,18:10,976
994,15,10,2,G1002,7:00,7:30,75
995,15,10,2,K586,8:50,11:00,25
996,15,10,2,C7128,10:30,11:50,80
997,15,10,2,C7130,13:40,15:00,80
998,15,10,2,G1020,16:20,17:00,75
999,15,10,2,C7106,19:40,21:00,80
1000,15,11,2,G1002,7:00,10:10,389
1001,15,11,2,G6032,9:00,12:40,389
1002,15,11,2,G840,13:00,16:30,389
1003,15,11,2,G76,15:50,19:10,389
1004,15,11,2,G6114,17:40,21:00,389
1005,15,12,2,D3126,7:10,21:20,651
1006,15,12,2,D2282,9:20,23:10,640
1007,15,13,2,G72,7:00,12:10,544
1008,15,13,2,G532,9:40,14:30,538
1009,15,13,2,G1010,11:20,16:20,538
1010,15,13,2,G1012,13:10,18:00,538
1011,1,2,3,BT1,7:30,10:30,35
1012,1,2,3,BT2,10:50,13:50,30
1013,1,2,3,BT3,13:00,16:00,56
1014,1,2,3,BT4,16:30,19:30,56
1015,1,7,3,BS1,10:00,15:00,91
1016,1,7,3,BS2,12:10,17:10,100
1017,2,7,3,TS1,9:30,12:30,125
1018,7,1,3,SB1,12:10,15:10,92
1019,7,1,3,SB2,14:20,17:20,92
1020,7,1,3,SB3,16:30,19:30,92
1021,7,2,3,ST1,8:00,12:00,100
1022,7,2,3,ST2,15:00,19:00,120
